transaction_id,amount,timestamp,status,utr
pay_3746317213,9067.87,2026-06-21 22:34:00,captured,AJI0Y6DPBHSA
pay_7110082321,3684.19,2026-06-10 20:39:00,captured,KH1DNMMJBQE7
pay_4673561638,11129.77,2026-06-15 12:17:00,failed,5NQ4FMYZYCWT
pay_1240251661,6412.42,2026-06-24 17:34:00,captured,32OC6UZHR5XF
pay_2554762903,11425.92,2026-06-18 00:43:00,captured,9ER14FFYVNVQ
pay_5774080233,7004.84,2026-06-25 05:34:00,failed,PQ85JSG65KXV
pay_7867414708,24041.87,2026-06-05 04:42:00,captured,REN93IIUC039
pay_2064746525,21920.84,2026-06-18 04:46:00,failed,CATVAZCCBLSK
pay_2748309234,8742.81,2026-06-18 14:08:00,captured,DXMO5BXXC02D
pay_3363629219,44341.1,2026-06-09 14:18:00,captured,B94874FRHOCN
pay_6110572428,3223.18,2026-06-03 21:55:00,captured,HC0CLBR7TCS4
pay_3660223333,3403.56,2026-06-15 19:36:00,captured,PVS7HZIOYKL1
pay_9303285822,29902.98,2026-06-29 04:16:00,captured,55NF4ZW9XA3K
pay_5962610986,15110.01,2026-06-05 20:16:00,captured,KHMY4SJ6BW3B
pay_1480494664,16197.74,2026-06-22 07:42:00,captured,8YFBNTPBN78B
pay_4218981849,11280.3,2026-06-06 22:06:00,captured,7IF2GOG72OY0
pay_8982597239,28920.46,2026-06-13 21:53:00,failed,I3QK2IAGL58K
pay_1118543408,8675.03,2026-06-02 22:27:00,captured,5JU9BVM2P9E6
pay_6859286614,19007.02,2026-06-13 21:47:00,captured,CXLL4ZKLOOKE
pay_6600100279,29923.84,2026-06-20 10:05:00,captured,H2VLPYS280XK
pay_1632880459,40185.79,2026-06-28 03:49:00,captured,B9W1Q5UZNOFY
pay_5816198518,7288.23,2026-06-28 15:28:00,captured,EQTUL1P36P6Q
pay_3691864041,24486.11,2026-06-14 01:13:00,captured,JCKJLTEIYZCO
pay_6928691380,1451.76,2026-06-11 21:43:00,captured,AM148P0TVHHP
pay_3294043548,12629.81,2026-06-27 13:16:00,captured,6VXDP5GJLQM5
pay_3799264931,27385.05,2026-06-24 22:07:00,captured,18HAFEYUHZ1G
pay_5471357886,8049.74,2026-06-17 20:17:00,failed,TXCXAPRPN6QF
pay_7371573279,38315.23,2026-06-06 15:13:00,captured,P0J43D5IQVNB
pay_6756711494,35713.04,2026-06-03 09:14:00,captured,5ZJA8DZR1YXR
pay_7575259637,9854.85,2026-06-16 08:46:00,failed,P0LZJJEGET1G
pay_6128695961,25896.78,2026-06-16 15:28:00,captured,IGATJ9TZE5R5
pay_5575615203,34939.86,2026-06-13 14:58:00,captured,RUYF38DIUOVW
pay_9848621776,1613.9,2026-06-10 22:18:00,captured,8D1WJCITFOYQ
pay_2825957977,31533.06,2026-06-09 16:34:00,captured,TX63CFL0UKEY
pay_1111088881,12625.32,2026-06-19 13:40:00,captured,IY4VA13U1GSP
pay_8613035386,6025.94,2026-06-10 14:56:00,captured,53A5QBSWRPBJ
pay_9648665968,21329.06,2026-06-15 17:09:00,captured,OI4E8XF7KZOR
pay_4710967433,24305.34,2026-06-12 10:35:00,failed,J2O7S3KKV9RF
pay_9301537234,29393.05,2026-06-05 15:02:00,captured,59IN4OLR6N92
pay_2891100776,38377.51,2026-06-28 17:24:00,captured,SQ0OXFQ8MYX4
pay_3651968205,14698.2,2026-06-02 09:22:00,captured,IYKID91ZDFKB
pay_1730074215,30540.85,2026-06-06 02:28:00,captured,C5WI6FQJJA26
pay_2178884276,27996.97,2026-06-22 23:49:00,captured,UY0BVR6K2VMW
pay_9733234156,41145.1,2026-06-16 09:47:00,captured,NE6LOH25NSJF
pay_1323408297,33743.17,2026-06-09 18:24:00,captured,1IYYO4UDOJEN
pay_9861449701,30221.31,2026-06-24 22:34:00,captured,36KOF8KRD5EQ
pay_8875651818,2865.67,2026-06-09 06:07:00,captured,W7KYHQIN9N6X
pay_2432410914,44283.66,2026-06-05 17:16:00,captured,92H3TV3I12VJ
pay_2390587865,35277.73,2026-06-28 21:33:00,captured,GB0S0R2SDS8B
pay_3946766309,20499.14,2026-06-20 13:06:00,captured,R6CCVCJWTL9T
pay_6218484323,37454.97,2026-06-03 13:06:00,captured,QIMQODPXNF7C
pay_3389594115,26069.65,2026-06-07 04:42:00,captured,VULEMX15Z8VM
pay_3391179068,33382.46,2026-06-01 02:47:00,failed,VXYBJ17MGFXC
pay_7098134112,21931.93,2026-06-15 13:17:00,captured,MNZ1UDBFWYJX
pay_2846465000,14866.29,2026-06-01 15:47:00,captured,KYRYBOVAKHEJ
pay_8757570742,14715.85,2026-06-26 19:29:00,captured,C5BA75UUZPEA
pay_3250402001,36704.41,2026-06-08 03:09:00,captured,OLMLGSES6M03
pay_7417183769,13731.5,2026-06-09 18:03:00,captured,11Q7UWW5WFCP
pay_5539308214,29384.91,2026-06-11 19:30:00,failed,3C54WSQT26Q3
pay_5560712830,12837.78,2026-06-14 10:43:00,failed,D6MZSGIPPSFN
pay_2437308013,29574.05,2026-06-22 12:08:00,failed,LUNJ48VFCX7L
pay_5658832688,14002.64,2026-06-07 10:49:00,captured,UXLEZ896DYSA
pay_9752058817,10803.23,2026-06-15 19:18:00,captured,M1ENF313FPOY
pay_6128260438,21704.49,2026-06-12 17:59:00,captured,YUP12SPFHV5B
pay_5983503547,3810.0,2026-06-08 00:20:00,captured,QS3D6357OONN
pay_8086527181,24763.87,2026-06-24 19:33:00,captured,2EK3ZEZQACJ4
pay_1205082311,10939.31,2026-06-14 05:42:00,captured,P2QD6VASIFPW
pay_9776913529,15333.84,2026-06-21 05:53:00,captured,NN0MCIXDU1EM
pay_2087974350,43821.5,2026-06-16 22:31:00,captured,1GM25LEN606N
pay_6804850108,42882.6,2026-06-05 19:43:00,captured,B5M9J98CWN2Y
pay_6850392220,1312.21,2026-06-06 15:33:00,captured,8BFQNPCENLK8
pay_5800746936,36501.52,2026-06-28 10:42:00,captured,1ZHWY9HECGZ9
pay_4656572173,36194.23,2026-06-18 04:39:00,captured,Z7W2SEHE2ATN
pay_7552812957,43486.97,2026-06-14 16:58:00,captured,13C9XQYM52XG
pay_3225231724,27707.11,2026-06-03 16:41:00,captured,KF7I8SKCH8JW
pay_3420721027,43055.76,2026-06-16 07:51:00,captured,3BBXUX1OXRWK
pay_7183058541,21071.29,2026-06-09 14:15:00,captured,RHVLZ049ENUL
pay_2343100352,22346.01,2026-06-29 20:43:00,captured,1RSRLA8S8HMB
pay_7026930365,4486.16,2026-06-12 10:35:00,captured,BBUNKNQT3WVE
pay_3147818256,13570.66,2026-06-11 16:53:00,failed,BELRQVSLWF90
pay_6582557981,34960.87,2026-06-19 07:46:00,captured,3NY9V20YAR82
pay_3923699745,2943.32,2026-06-05 16:13:00,failed,B8DALFYO1750
pay_8139209752,11206.38,2026-06-18 09:14:00,captured,SLG6MM1ZXYVG
pay_6656646925,13050.22,2026-06-23 02:22:00,captured,M72JEYN9382K
pay_7608141858,4659.44,2026-06-25 04:00:00,failed,7ZEWVIYTWBOZ
pay_5973319056,38287.44,2026-06-02 05:26:00,captured,X5RX1KKC1XI0
pay_7460544248,28796.85,2026-06-13 13:32:00,captured,J3L0XZAMKYGV
pay_7345617046,21022.97,2026-06-06 12:43:00,failed,7ANQJLUUJMIY
pay_8601409432,34117.17,2026-06-26 21:52:00,captured,YW7NH8RQ9NZ6
pay_2553854176,40465.19,2026-06-15 01:29:00,captured,7E36HTF4PYZR
pay_5388470693,8222.16,2026-06-05 20:46:00,captured,JAHCPZTC69QK
pay_2613385303,13531.58,2026-06-22 23:34:00,captured,YXTXMGTT0IAA
pay_5961208540,30290.26,2026-06-28 01:15:00,captured,G51BXW76ICVQ
pay_9561946187,25118.81,2026-06-19 23:58:00,captured,I6UU13I59SOJ
pay_9470922075,36289.06,2026-06-30 01:35:00,captured,7Y2LOFN1R4KZ
pay_3400244542,9322.41,2026-06-30 07:35:00,captured,R5L8A78E9RIV
pay_6837975356,6694.63,2026-06-09 17:59:00,failed,JSRD9Q46NOUH
pay_7088451458,7695.28,2026-06-26 11:10:00,captured,FLN4RXYJ38XR
pay_9842186844,27859.91,2026-06-22 19:58:00,captured,B48Y1O4IZASN
pay_2766685440,27947.17,2026-06-09 11:17:00,captured,AZTKSZP7G7SI
pay_6265016831,19610.85,2026-06-26 10:36:00,captured,Y4X41DNTCAGR
pay_4947728706,852.27,2026-06-07 18:09:00,captured,I6YUJ7YKTXG4
pay_5714524551,16987.9,2026-06-06 21:37:00,captured,ICVWV8LW2QIT
pay_4062777850,8554.52,2026-06-15 17:35:00,failed,CFZW0LDALMJE
pay_1112794026,7755.79,2026-06-13 05:08:00,captured,MDVLNKND669U
pay_7161887665,27965.62,2026-06-26 10:28:00,captured,PRCJIWVHDK8L
pay_3986257683,41953.21,2026-06-07 18:34:00,captured,RGOL0W82LK2N
pay_6195400294,20290.64,2026-06-20 15:37:00,captured,23C42YFKJFPN
pay_4927323476,4572.5,2026-06-08 16:47:00,failed,DIXFWUXX8L2D
pay_6244291385,15772.54,2026-06-11 14:50:00,captured,NQYYF9RK7D30
pay_7238213207,19272.67,2026-06-15 07:51:00,captured,CBZAMD270STL
pay_2699013395,16555.82,2026-06-07 14:07:00,captured,05QPAHKZ2U2T
pay_7858937483,13846.29,2026-06-06 11:44:00,captured,WVM4W3ZKWDEE
pay_2816937739,21884.71,2026-06-07 12:35:00,failed,RT77GGKG4W58
pay_7406913885,22364.8,2026-06-17 03:36:00,captured,ZPGU2HBIK2U1
pay_4250372185,38958.28,2026-06-04 07:13:00,failed,1PHP0XI5BJ5D
pay_2838963536,23221.51,2026-06-29 21:52:00,captured,W232UTVG9KU8
pay_4719780110,4325.3,2026-06-17 23:17:00,captured,IZ31YRUJOQW5
pay_9989974968,6007.15,2026-06-28 15:50:00,captured,8WZ42O83RLKT
pay_4273856102,13688.67,2026-06-28 08:05:00,captured,BW4A7FQ9P965
pay_5517391943,15559.3,2026-06-04 13:44:00,captured,W01PDDHCVSQA
pay_5738214525,9705.54,2026-06-24 04:58:00,captured,NKN35XYCUVFM
pay_4850837385,42366.37,2026-06-01 21:56:00,captured,FE0MP2IXIVZK
pay_5100282913,30779.95,2026-06-25 15:49:00,captured,RERVT997E4UN
pay_8589679668,34380.6,2026-06-21 21:41:00,captured,POXTFDC79FLV
pay_1248704157,23606.79,2026-06-26 23:16:00,captured,DPQVL00EZZF8
pay_5421051452,4765.29,2026-06-19 21:46:00,captured,3JCZUCQMRUNJ
pay_6858234447,25783.39,2026-06-04 16:43:00,captured,7G8B2ZXII6L3
pay_8923555411,40534.88,2026-06-25 07:09:00,captured,LTAHUKWQVR1H
pay_5128258411,28729.12,2026-06-13 02:37:00,failed,9FKBI4O6Q0US
pay_1561387824,4888.75,2026-06-15 14:20:00,captured,K47O3LQI7E1D
pay_7235936374,17921.56,2026-06-02 21:19:00,captured,Q4D3KZVH4FZ8
pay_1746756255,18116.09,2026-06-22 20:41:00,captured,84UTDD2EC2IH
pay_1276905285,1472.28,2026-06-22 13:11:00,captured,6PE63LBQGU3O
pay_4794276323,28439.33,2026-06-26 17:50:00,captured,BWIKOTCKEH5S
pay_7568861677,35912.97,2026-06-12 05:11:00,captured,199DXJ37C9H4
pay_5073211715,36319.08,2026-06-11 22:11:00,captured,438TGBCVARLW
pay_4325878813,43235.7,2026-06-21 10:11:00,failed,448N7ODKEF82
pay_8675071314,1602.37,2026-06-20 10:58:00,failed,IVGLYE088O98
pay_3429019820,12044.78,2026-06-08 22:04:00,captured,7F0I9G5DZX5Q
pay_6952554500,3455.87,2026-06-28 01:18:00,captured,085RNTDR5XYF
pay_4143852021,9368.94,2026-06-07 13:44:00,failed,T6DVWRB7F6FD
pay_6504099682,7811.82,2026-06-10 02:30:00,captured,IBU4FMPKXVHA
pay_9981364488,3993.97,2026-06-12 17:26:00,failed,TG5NQJQIJC1Y
pay_7539441086,44226.55,2026-06-05 03:48:00,captured,8Y7UIKO4BUSU
pay_1541964762,14776.79,2026-06-09 16:29:00,captured,P9P9W4J66CNO
pay_2802141793,17329.5,2026-06-16 18:38:00,captured,OFV177UDKTMO
pay_5461537013,4555.05,2026-06-28 07:08:00,captured,6LI076A3KKRZ
pay_5576790020,9080.07,2026-06-12 14:32:00,captured,ZO2SUG5HCBBM
pay_6894699853,25815.77,2026-06-07 07:41:00,captured,VG5VMF60YKNF
pay_3204526134,12500.73,2026-06-29 12:54:00,captured,58YREG2IV7ZZ
pay_3510353238,12568.29,2026-06-21 22:57:00,captured,A984UVKYRMJL
pay_7872090713,32735.76,2026-06-08 21:34:00,captured,XYZX9JPNBZUG
pay_8180620422,15203.12,2026-06-03 07:22:00,captured,S445GDEJ31GY
pay_6717963562,13531.26,2026-06-02 04:08:00,captured,JK4Q5V7C6S5N
pay_5910110341,35366.71,2026-06-25 02:08:00,failed,5GCL9LCQH1UF
pay_7139268005,10298.02,2026-06-29 11:19:00,captured,PRAT0861TAA0
pay_5491326131,36568.57,2026-06-01 07:14:00,captured,8QSSPYE9R1F6
pay_5823943986,20077.5,2026-06-04 17:16:00,captured,Z2NX1WVBD4BE
pay_6588252632,9108.76,2026-06-09 16:12:00,captured,XXJVE3DZEEDH
pay_9759180824,32601.83,2026-06-04 08:41:00,captured,RH7LAY64YFDS
pay_6542943838,39549.63,2026-06-03 11:52:00,captured,2L0D1B4XGMPW
pay_8948573913,8279.54,2026-06-13 11:39:00,captured,2X2EZC7FOV2Y
pay_4830092090,43015.9,2026-06-28 10:33:00,failed,RR5PCXA5S00I
pay_3655316364,21197.61,2026-06-16 05:04:00,captured,P0RXXF36WA7S
pay_3177244907,18244.27,2026-06-02 17:35:00,captured,TN3CPUDRL90A
pay_8033172680,16443.76,2026-06-15 03:06:00,captured,6UXQM334L1VZ
pay_1456650521,15306.32,2026-06-25 13:02:00,failed,6R30OJHE4H3G
pay_9125023089,31178.02,2026-06-06 23:52:00,captured,QVS8A0TPV726
pay_6947080764,31612.02,2026-06-28 10:45:00,failed,961J88QEOZ0K
pay_1862812038,21694.59,2026-06-19 21:45:00,captured,WKMY9X8SYLEM
pay_4471642620,33948.69,2026-06-02 11:52:00,captured,SAFYH1FKJ4YK
pay_3853978147,41030.16,2026-06-23 22:41:00,captured,7N89LTAJW253
pay_6558450990,31979.56,2026-06-05 01:09:00,captured,GYGGSNPUEVJL
pay_2537965898,16331.78,2026-06-07 19:33:00,captured,2LHGCSOTDHHL
pay_8604215219,9603.55,2026-06-21 06:55:00,captured,SSRKXLCD81TW
pay_9899689747,18289.49,2026-06-11 00:24:00,captured,YAZBCGJC36OQ
pay_3159668272,38248.61,2026-06-10 20:09:00,captured,KYVK7N3BFH02
pay_3384006407,7368.8,2026-06-08 19:53:00,captured,EAVT8K06MOXS
pay_3360791536,20361.47,2026-06-20 21:19:00,failed,KCD0RLEXDW6L
pay_7729620601,20124.31,2026-06-25 09:31:00,failed,38GL2ZXJMYLR
pay_4549548567,1794.04,2026-06-09 17:57:00,failed,6H0W064W3U1H
pay_4329446784,27689.51,2026-06-06 16:08:00,captured,NI10KQSOSX43
pay_2541015125,14684.59,2026-06-23 16:40:00,captured,HRCNBH6NQQB9
pay_6041646576,27248.86,2026-06-17 04:28:00,captured,XNX4SN6SM5RR
pay_1645277642,11078.61,2026-06-05 18:37:00,captured,FV3XOLEYRVXO
pay_4961879157,9988.47,2026-06-14 19:09:00,failed,SO8W5038HVQR
pay_2136107759,4468.99,2026-06-16 19:38:00,captured,0MQVINDH4SPF
pay_4231461054,42238.21,2026-06-16 12:22:00,failed,DX6TA7YPP5ZP
pay_3474420092,23461.32,2026-06-13 20:13:00,captured,PJ16DVTJA0AS
pay_7597520265,34872.62,2026-06-13 23:08:00,captured,UW9OHTUGUR9U
pay_1430693397,4103.11,2026-06-09 07:23:00,captured,S22WYBOW23QV
pay_7532669066,23284.24,2026-06-08 19:10:00,captured,ZV83XPHX2KBV
pay_9576264323,43353.45,2026-06-09 07:38:00,captured,2MOVS0CDK36M
pay_6046735986,21840.8,2026-06-08 10:49:00,captured,SUSMESJT2JPN
pay_5794335854,30365.35,2026-06-27 10:04:00,failed,CW9YIL8SA3ID
pay_7341757401,11348.84,2026-06-20 11:09:00,captured,M6J8Y6RH05HH
pay_3636366799,12719.96,2026-06-08 18:08:00,captured,1TBRWR965R96
pay_7453081889,11797.58,2026-06-18 08:15:00,captured,OYG9ZQYAHULW
pay_7437168216,19535.01,2026-06-13 06:09:00,captured,HZN4KGEUIDJI
pay_7384985150,25153.49,2026-06-26 08:22:00,captured,J4BDFHJ4D0JM
pay_3312574703,41796.22,2026-06-14 20:39:00,failed,9KLS1QCWQ85X
pay_4895849088,20345.45,2026-06-06 05:54:00,captured,CMLXZVO5270S
pay_1904397668,17634.6,2026-06-08 07:47:00,captured,OD7RB1S9DWD7
pay_1122712790,28452.48,2026-06-21 18:27:00,failed,X4LR9TJQ8ZGV
pay_7587552692,24149.19,2026-06-23 15:48:00,captured,6RIDLOFAS1EK
pay_4422089886,36028.16,2026-06-20 22:43:00,captured,TG5PIZX3HCWS
pay_1294050451,5758.01,2026-06-15 23:00:00,captured,EDQQZRLF8A9K
pay_7099897373,40322.1,2026-06-09 12:53:00,captured,2RNZBC1FJOTG
pay_5271497065,5628.05,2026-06-16 20:19:00,captured,H0DXHO87F00T
pay_5180180262,34720.25,2026-06-08 05:31:00,captured,IPA2VOI8UYYF
pay_5551699520,16213.81,2026-06-05 08:57:00,captured,XZ2EI9212PGY
pay_6788175717,17150.1,2026-06-06 00:39:00,captured,0J36TCFKJNAW
pay_4096686730,37608.42,2026-06-05 05:55:00,captured,XTNSRTWLXDSC
pay_8886846400,36075.74,2026-06-02 11:35:00,captured,XSZJNVC7HR6C
pay_7944675764,42645.53,2026-06-18 23:35:00,captured,T04CHSDINGXU
pay_1447116404,28550.85,2026-06-27 23:20:00,failed,2TSXTV76T94O
pay_3343446878,444.61,2026-06-08 06:54:00,captured,NT0MQ8ABKAE6
pay_1404960131,21791.61,2026-06-16 22:44:00,failed,QFJ6IJKUUHCL
pay_9999520085,33683.39,2026-06-28 19:59:00,captured,XB3N27M5P7E1
pay_3996893560,33577.38,2026-06-18 12:16:00,captured,FY981UDP2FMR
pay_4272906474,5196.96,2026-06-14 13:23:00,captured,RHOUU9SIJPYU
pay_8600723288,33320.24,2026-06-08 19:59:00,captured,GM32WP7IYF0D
pay_8817415821,6489.43,2026-06-23 21:01:00,captured,AYEQAHTHSJR0
pay_7949105797,17224.45,2026-06-23 03:57:00,captured,BXANJ4X5A5XI
pay_9447304615,44039.66,2026-06-09 01:40:00,captured,UZB7KR0AYMK9
pay_2203423402,40951.63,2026-06-11 14:34:00,captured,F6XDN8WWIIF8
pay_4704785815,5459.67,2026-06-11 04:46:00,captured,LZSE99F77LU8
pay_6597837495,26896.78,2026-06-08 21:01:00,captured,03W0FGEA9WVW
pay_2606143397,3116.21,2026-06-30 14:55:00,failed,4REGB1AJO091
pay_6354895816,20404.69,2026-06-27 01:56:00,captured,OB0NLW0VS52S
pay_7690274631,6529.45,2026-06-27 20:28:00,captured,SWBKOK3QPWBS
pay_5876105046,5690.96,2026-06-04 22:28:00,captured,OQGVZHQJY62Z
pay_2634694666,28246.41,2026-06-04 04:12:00,captured,16UXF5GZPL1Q
pay_3119423746,2619.62,2026-06-12 01:09:00,captured,HXQPVA5KW3HG
pay_4953022176,4326.71,2026-06-10 10:23:00,captured,BPGYVYV2GQU7
pay_8552450838,23873.26,2026-06-03 15:46:00,failed,4CQE4LOHHCU9
pay_6528427385,31930.13,2026-06-07 00:07:00,captured,VLS9MEUSWRGV
pay_9585583837,30909.74,2026-06-11 12:46:00,failed,OMUWAHK2LSLA
pay_1754321211,18715.79,2026-06-24 01:53:00,failed,LMY62XRW6TM2
pay_3301610601,17622.05,2026-06-20 03:55:00,captured,HY25M8KB9W4U
pay_6461039810,35986.28,2026-06-29 16:09:00,captured,D5N3KSGNBHDS
pay_8625857078,30964.3,2026-06-20 02:21:00,captured,F537YE0QZSA7
pay_8497100471,43129.67,2026-06-18 16:06:00,captured,A1WHHKT1YJFE
pay_8748133196,31754.79,2026-06-29 18:40:00,captured,UGL6TBB6BNDO
pay_3291300350,10187.18,2026-06-28 19:16:00,captured,91QE37QQYZQI
pay_7241803245,29277.9,2026-06-26 09:34:00,captured,BRMQG1VED32L
pay_3353423112,41899.22,2026-06-19 15:07:00,failed,9NM3V2P2TIXC
pay_2912189154,34011.23,2026-06-26 00:48:00,captured,LOVYV3LXCHFU
pay_7777163837,44391.01,2026-06-13 04:54:00,captured,HYLU6K7P9MDA
