transaction_id,bank_ref,match_type
pay_3746317213,BNK90001,exact_or_tolerant
pay_7110082321,BNK90002,exact_or_tolerant
pay_1240251661,BNK90003,duplicate_pair
pay_1240251661,BNK90004,duplicate_pair
pay_2554762903,BNK90005,duplicate_pair
pay_2554762903,BNK90006,duplicate_pair
pay_7867414708,,missing_on_bank_with_decoy
DECOY_FOR_pay_7867414708,BNK90007,decoy_no_gateway_counterpart
pay_2748309234,BNK90008,exact_or_tolerant
pay_3363629219,BNK90009,duplicate_pair
pay_3363629219,BNK90010,duplicate_pair
pay_6110572428,BNK90011,exact_or_tolerant
pay_3660223333,BNK90012,exact_or_tolerant
pay_9303285822,,missing_on_bank
pay_5962610986,BNK90013,duplicate_pair
pay_5962610986,BNK90014,duplicate_pair
pay_1480494664,BNK90015,exact_or_tolerant
pay_4218981849,,missing_on_bank
pay_1118543408,BNK90016,exact_or_tolerant
pay_6859286614,BNK90017,exact_or_tolerant
pay_6600100279,BNK90018,duplicate_pair
pay_6600100279,BNK90019,duplicate_pair
pay_1632880459,BNK90020,exact_or_tolerant
pay_5816198518,BNK90021,duplicate_pair
pay_5816198518,BNK90022,duplicate_pair
pay_3691864041,BNK90023,exact_or_tolerant
pay_6928691380,BNK90024,duplicate_pair
pay_6928691380,BNK90025,duplicate_pair
pay_3294043548,BNK90026,exact_or_tolerant
pay_3799264931,,missing_on_bank_with_decoy
DECOY_FOR_pay_3799264931,BNK90027,decoy_no_gateway_counterpart
pay_7371573279,,missing_on_bank
pay_6756711494,BNK90028,duplicate_pair
pay_6756711494,BNK90029,duplicate_pair
pay_6128695961,BNK90030,exact_or_tolerant
pay_5575615203,BNK90031,exact_or_tolerant
pay_9848621776,BNK90032,exact_or_tolerant
pay_2825957977,BNK90033,exact_or_tolerant
pay_1111088881,,missing_on_bank_with_decoy
DECOY_FOR_pay_1111088881,BNK90034,decoy_no_gateway_counterpart
pay_8613035386,BNK90035,exact_or_tolerant
pay_9648665968,BNK90036,exact_or_tolerant
pay_9301537234,BNK90037,exact_or_tolerant
pay_2891100776,BNK90038,exact_or_tolerant
pay_3651968205,BNK90039,exact_or_tolerant
pay_1730074215,,missing_on_bank_with_decoy
DECOY_FOR_pay_1730074215,BNK90040,decoy_no_gateway_counterpart
pay_2178884276,BNK90041,exact_or_tolerant
pay_9733234156,,missing_on_bank
pay_1323408297,BNK90042,exact_or_tolerant
pay_9861449701,BNK90043,exact_or_tolerant
pay_8875651818,BNK90044,exact_or_tolerant
pay_2432410914,BNK90045,exact_or_tolerant
pay_2390587865,BNK90046,exact_or_tolerant
pay_3946766309,,missing_on_bank
pay_6218484323,,missing_on_bank
pay_3389594115,BNK90047,exact_or_tolerant
pay_7098134112,BNK90048,duplicate_pair
pay_7098134112,BNK90049,duplicate_pair
pay_2846465000,BNK90050,exact_or_tolerant
pay_8757570742,BNK90051,exact_or_tolerant
pay_3250402001,BNK90052,exact_or_tolerant
pay_7417183769,BNK90053,exact_or_tolerant
pay_5658832688,BNK90054,exact_or_tolerant
pay_9752058817,BNK90055,exact_or_tolerant
pay_6128260438,BNK90056,duplicate_pair
pay_6128260438,BNK90057,duplicate_pair
pay_5983503547,,missing_on_bank
pay_8086527181,BNK90058,exact_or_tolerant
pay_1205082311,BNK90059,exact_or_tolerant
pay_9776913529,,missing_on_bank_with_decoy
DECOY_FOR_pay_9776913529,BNK90060,decoy_no_gateway_counterpart
pay_2087974350,,missing_on_bank_with_decoy
DECOY_FOR_pay_2087974350,BNK90061,decoy_no_gateway_counterpart
pay_6804850108,BNK90062,exact_or_tolerant
pay_6850392220,,missing_on_bank
pay_5800746936,BNK90063,duplicate_pair
pay_5800746936,BNK90064,duplicate_pair
pay_4656572173,BNK90065,exact_or_tolerant
pay_7552812957,,missing_on_bank
pay_3225231724,BNK90066,exact_or_tolerant
pay_3420721027,BNK90067,exact_or_tolerant
pay_7183058541,BNK90068,exact_or_tolerant
pay_2343100352,BNK90069,exact_or_tolerant
pay_7026930365,BNK90070,duplicate_pair
pay_7026930365,BNK90071,duplicate_pair
pay_6582557981,BNK90072,exact_or_tolerant
pay_8139209752,BNK90073,duplicate_pair
pay_8139209752,BNK90074,duplicate_pair
pay_6656646925,BNK90075,duplicate_pair
pay_6656646925,BNK90076,duplicate_pair
pay_5973319056,,missing_on_bank_with_decoy
DECOY_FOR_pay_5973319056,BNK90077,decoy_no_gateway_counterpart
pay_7460544248,BNK90078,exact_or_tolerant
pay_8601409432,BNK90079,duplicate_pair
pay_8601409432,BNK90080,duplicate_pair
pay_2553854176,BNK90081,exact_or_tolerant
pay_5388470693,BNK90082,exact_or_tolerant
pay_2613385303,BNK90083,exact_or_tolerant
pay_5961208540,BNK90084,exact_or_tolerant
pay_9561946187,BNK90085,exact_or_tolerant
pay_9470922075,,missing_on_bank_with_decoy
DECOY_FOR_pay_9470922075,BNK90086,decoy_no_gateway_counterpart
pay_3400244542,BNK90087,duplicate_pair
pay_3400244542,BNK90088,duplicate_pair
pay_7088451458,BNK90089,duplicate_pair
pay_7088451458,BNK90090,duplicate_pair
pay_9842186844,BNK90091,duplicate_pair
pay_9842186844,BNK90092,duplicate_pair
pay_2766685440,BNK90093,exact_or_tolerant
pay_6265016831,,missing_on_bank
pay_4947728706,,missing_on_bank_with_decoy
DECOY_FOR_pay_4947728706,BNK90094,decoy_no_gateway_counterpart
pay_5714524551,BNK90095,exact_or_tolerant
pay_1112794026,BNK90096,exact_or_tolerant
pay_7161887665,BNK90097,exact_or_tolerant
pay_3986257683,BNK90098,duplicate_pair
pay_3986257683,BNK90099,duplicate_pair
pay_6195400294,BNK90100,exact_or_tolerant
pay_6244291385,BNK90101,exact_or_tolerant
pay_7238213207,BNK90102,exact_or_tolerant
pay_2699013395,BNK90103,duplicate_pair
pay_2699013395,BNK90104,duplicate_pair
pay_7858937483,BNK90105,exact_or_tolerant
pay_7406913885,BNK90106,exact_or_tolerant
pay_2838963536,BNK90107,exact_or_tolerant
pay_4719780110,BNK90108,exact_or_tolerant
pay_9989974968,,missing_on_bank
pay_4273856102,BNK90109,exact_or_tolerant
pay_5517391943,BNK90110,exact_or_tolerant
pay_5738214525,BNK90111,exact_or_tolerant
pay_4850837385,BNK90112,exact_or_tolerant
pay_5100282913,BNK90113,exact_or_tolerant
pay_8589679668,BNK90114,exact_or_tolerant
pay_1248704157,BNK90115,exact_or_tolerant
pay_5421051452,BNK90116,exact_or_tolerant
pay_6858234447,BNK90117,exact_or_tolerant
pay_8923555411,,missing_on_bank_with_decoy
DECOY_FOR_pay_8923555411,BNK90118,decoy_no_gateway_counterpart
pay_1561387824,BNK90119,exact_or_tolerant
pay_7235936374,,missing_on_bank
pay_1746756255,BNK90120,exact_or_tolerant
pay_1276905285,BNK90121,exact_or_tolerant
pay_4794276323,,missing_on_bank_with_decoy
DECOY_FOR_pay_4794276323,BNK90122,decoy_no_gateway_counterpart
pay_7568861677,BNK90123,exact_or_tolerant
pay_5073211715,BNK90124,exact_or_tolerant
pay_3429019820,BNK90125,exact_or_tolerant
pay_6952554500,BNK90126,exact_or_tolerant
pay_6504099682,BNK90127,exact_or_tolerant
pay_7539441086,BNK90128,exact_or_tolerant
pay_1541964762,,missing_on_bank
pay_2802141793,BNK90129,exact_or_tolerant
pay_5461537013,,missing_on_bank_with_decoy
DECOY_FOR_pay_5461537013,BNK90130,decoy_no_gateway_counterpart
pay_5576790020,BNK90131,exact_or_tolerant
pay_6894699853,BNK90132,duplicate_pair
pay_6894699853,BNK90133,duplicate_pair
pay_3204526134,BNK90134,exact_or_tolerant
pay_3510353238,BNK90135,exact_or_tolerant
pay_7872090713,,missing_on_bank
pay_8180620422,BNK90136,duplicate_pair
pay_8180620422,BNK90137,duplicate_pair
pay_6717963562,BNK90138,exact_or_tolerant
pay_7139268005,BNK90139,exact_or_tolerant
pay_5491326131,BNK90140,exact_or_tolerant
pay_5823943986,BNK90141,duplicate_pair
pay_5823943986,BNK90142,duplicate_pair
pay_6588252632,BNK90143,duplicate_pair
pay_6588252632,BNK90144,duplicate_pair
pay_9759180824,BNK90145,exact_or_tolerant
pay_6542943838,BNK90146,exact_or_tolerant
pay_8948573913,,missing_on_bank
pay_3655316364,BNK90147,exact_or_tolerant
pay_3177244907,,missing_on_bank
pay_8033172680,BNK90148,exact_or_tolerant
pay_9125023089,BNK90149,exact_or_tolerant
pay_1862812038,BNK90150,duplicate_pair
pay_1862812038,BNK90151,duplicate_pair
pay_4471642620,BNK90152,exact_or_tolerant
pay_3853978147,BNK90153,duplicate_pair
pay_3853978147,BNK90154,duplicate_pair
pay_6558450990,BNK90155,exact_or_tolerant
pay_2537965898,,missing_on_bank_with_decoy
DECOY_FOR_pay_2537965898,BNK90156,decoy_no_gateway_counterpart
pay_8604215219,,missing_on_bank
pay_9899689747,BNK90157,exact_or_tolerant
pay_3159668272,BNK90158,duplicate_pair
pay_3159668272,BNK90159,duplicate_pair
pay_3384006407,BNK90160,exact_or_tolerant
pay_4329446784,BNK90161,exact_or_tolerant
pay_2541015125,,missing_on_bank
pay_6041646576,BNK90162,exact_or_tolerant
pay_1645277642,BNK90163,exact_or_tolerant
pay_2136107759,,missing_on_bank
pay_3474420092,BNK90164,exact_or_tolerant
pay_7597520265,BNK90165,duplicate_pair
pay_7597520265,BNK90166,duplicate_pair
pay_1430693397,BNK90167,exact_or_tolerant
pay_7532669066,BNK90168,exact_or_tolerant
pay_9576264323,BNK90169,exact_or_tolerant
pay_6046735986,BNK90170,duplicate_pair
pay_6046735986,BNK90171,duplicate_pair
pay_7341757401,BNK90172,exact_or_tolerant
pay_3636366799,BNK90173,exact_or_tolerant
pay_7453081889,BNK90174,exact_or_tolerant
pay_7437168216,BNK90175,exact_or_tolerant
pay_7384985150,BNK90176,exact_or_tolerant
pay_4895849088,BNK90177,exact_or_tolerant
pay_1904397668,BNK90178,exact_or_tolerant
pay_7587552692,BNK90179,exact_or_tolerant
pay_4422089886,BNK90180,exact_or_tolerant
pay_1294050451,BNK90181,exact_or_tolerant
pay_7099897373,BNK90182,exact_or_tolerant
pay_5271497065,BNK90183,exact_or_tolerant
pay_5180180262,BNK90184,duplicate_pair
pay_5180180262,BNK90185,duplicate_pair
pay_5551699520,BNK90186,exact_or_tolerant
pay_6788175717,BNK90187,duplicate_pair
pay_6788175717,BNK90188,duplicate_pair
pay_4096686730,BNK90189,exact_or_tolerant
pay_8886846400,,missing_on_bank
pay_7944675764,BNK90190,duplicate_pair
pay_7944675764,BNK90191,duplicate_pair
pay_3343446878,BNK90192,exact_or_tolerant
pay_9999520085,BNK90193,exact_or_tolerant
pay_3996893560,BNK90194,exact_or_tolerant
pay_4272906474,BNK90195,exact_or_tolerant
pay_8600723288,,missing_on_bank
pay_8817415821,BNK90196,exact_or_tolerant
pay_7949105797,BNK90197,exact_or_tolerant
pay_9447304615,,missing_on_bank
pay_2203423402,BNK90198,exact_or_tolerant
pay_4704785815,BNK90199,duplicate_pair
pay_4704785815,BNK90200,duplicate_pair
pay_6597837495,BNK90201,exact_or_tolerant
pay_6354895816,BNK90202,exact_or_tolerant
pay_7690274631,BNK90203,duplicate_pair
pay_7690274631,BNK90204,duplicate_pair
pay_5876105046,BNK90205,exact_or_tolerant
pay_2634694666,BNK90206,exact_or_tolerant
pay_3119423746,BNK90207,duplicate_pair
pay_3119423746,BNK90208,duplicate_pair
pay_4953022176,,missing_on_bank
pay_6528427385,BNK90209,exact_or_tolerant
pay_3301610601,BNK90210,duplicate_pair
pay_3301610601,BNK90211,duplicate_pair
pay_6461039810,BNK90212,exact_or_tolerant
pay_8625857078,,missing_on_bank
pay_8497100471,BNK90213,exact_or_tolerant
pay_8748133196,BNK90214,exact_or_tolerant
pay_3291300350,BNK90215,exact_or_tolerant
pay_7241803245,BNK90216,exact_or_tolerant
pay_2912189154,BNK90217,duplicate_pair
pay_2912189154,BNK90218,duplicate_pair
pay_7777163837,BNK90219,exact_or_tolerant
,BNK90220,bank_only_no_gateway
,BNK90221,bank_only_no_gateway
,BNK90222,bank_only_no_gateway
,BNK90223,bank_only_no_gateway
,BNK90224,bank_only_no_gateway
,BNK90225,bank_only_no_gateway
,BNK90226,bank_only_no_gateway
,BNK90227,bank_only_no_gateway
,BNK90228,bank_only_no_gateway
,BNK90229,bank_only_no_gateway
,BNK90230,bank_only_no_gateway
,BNK90231,bank_only_no_gateway
